timestamp,devices
22/06/2017 00:00,5
22/06/2017 14:15,3
22/06/2017 14:30,7
22/06/2017 14:45,7
22/06/2017 15:00,3
22/06/2017 15:15,11
22/06/2017 15:30,23
22/06/2017 15:45,63
22/06/2017 16:00,36
22/06/2017 16:15,91
22/06/2017 16:30,53
22/06/2017 16:45,25
22/06/2017 17:00,28
22/06/2017 17:15,33
22/06/2017 17:30,65
22/06/2017 17:45,55
22/06/2017 18:00,30
22/06/2017 18:15,47
22/06/2017 18:30,75
22/06/2017 18:45,60
22/06/2017 19:00,77
22/06/2017 19:15,54
22/06/2017 19:30,36
22/06/2017 19:45,39
22/06/2017 20:00,40
22/06/2017 20:15,17
22/06/2017 20:30,35
22/06/2017 20:45,33
22/06/2017 21:00,32
22/06/2017 21:15,37
22/06/2017 21:30,29
22/06/2017 21:45,30
22/06/2017 22:00,26
22/06/2017 22:15,25
22/06/2017 22:30,37
22/06/2017 22:45,48
22/06/2017 23:00,41
22/06/2017 23:15,36
22/06/2017 23:30,23
22/06/2017 23:45,10
23/06/2017 00:00,22
23/06/2017 00:15,20
23/06/2017 00:30,19
23/06/2017 00:45,19
23/06/2017 01:00,26
23/06/2017 01:15,17
23/06/2017 01:30,13
23/06/2017 01:45,14
23/06/2017 02:00,28
23/06/2017 02:15,19
23/06/2017 02:30,22
23/06/2017 02:45,22
23/06/2017 03:00,11
23/06/2017 03:15,19
23/06/2017 03:30,18
23/06/2017 03:45,31
23/06/2017 04:00,20
23/06/2017 04:15,30
23/06/2017 04:30,28
23/06/2017 04:45,33
23/06/2017 05:00,39
23/06/2017 05:15,45
23/06/2017 05:30,45
23/06/2017 05:45,70
23/06/2017 06:00,92
23/06/2017 06:15,120
23/06/2017 06:30,124
23/06/2017 06:45,131
23/06/2017 07:00,157
23/06/2017 07:15,155
23/06/2017 07:30,184
23/06/2017 07:45,199
23/06/2017 08:00,192
23/06/2017 08:15,200
23/06/2017 08:30,175
23/06/2017 08:45,201
23/06/2017 09:00,223
23/06/2017 09:15,252
23/06/2017 09:30,190
23/06/2017 09:45,240
23/06/2017 10:00,258
23/06/2017 10:15,317
23/06/2017 10:30,342
23/06/2017 10:45,375
23/06/2017 11:00,333
23/06/2017 11:15,359
23/06/2017 11:30,413
23/06/2017 11:45,383
23/06/2017 12:00,445
23/06/2017 12:15,405
23/06/2017 12:30,459
23/06/2017 12:45,501
23/06/2017 13:00,471
23/06/2017 13:15,549
23/06/2017 13:30,469
23/06/2017 13:45,502
23/06/2017 14:00,463
23/06/2017 14:15,563
23/06/2017 14:30,582
23/06/2017 14:45,591
23/06/2017 15:00,588
23/06/2017 15:15,648
23/06/2017 15:30,714
23/06/2017 15:45,690
23/06/2017 16:00,711
23/06/2017 16:15,705
23/06/2017 16:30,719
23/06/2017 16:45,787
23/06/2017 17:00,886
23/06/2017 17:15,811
23/06/2017 17:30,847
23/06/2017 17:45,809
23/06/2017 18:00,806
23/06/2017 18:15,807
23/06/2017 18:30,760
23/06/2017 18:45,789
23/06/2017 19:00,886
23/06/2017 19:15,852
23/06/2017 19:30,864
23/06/2017 19:45,879
23/06/2017 20:00,840
23/06/2017 20:15,912
23/06/2017 20:30,878
23/06/2017 20:45,915
23/06/2017 21:00,897
23/06/2017 21:15,813
23/06/2017 21:30,740
23/06/2017 21:45,728
23/06/2017 22:00,777
23/06/2017 22:15,651
23/06/2017 22:30,654
23/06/2017 22:45,644
23/06/2017 23:00,573
23/06/2017 23:15,613
23/06/2017 23:30,608
23/06/2017 23:45,505
24/06/2017 00:00,443
24/06/2017 00:15,470
24/06/2017 00:30,409
24/06/2017 00:45,371
24/06/2017 01:00,326
24/06/2017 01:15,334
24/06/2017 01:30,332
24/06/2017 01:45,310
24/06/2017 02:00,337
24/06/2017 02:15,414
24/06/2017 02:30,350
24/06/2017 02:45,367
24/06/2017 03:00,374
24/06/2017 03:15,374
24/06/2017 03:30,411
24/06/2017 03:45,404
24/06/2017 04:00,499
24/06/2017 04:15,533
24/06/2017 04:30,569
24/06/2017 04:45,655
24/06/2017 05:00,670
24/06/2017 05:15,806
24/06/2017 05:30,856
24/06/2017 05:45,949
24/06/2017 06:00,1067
24/06/2017 06:15,1162
24/06/2017 06:30,1290
24/06/2017 06:45,1383
24/06/2017 07:00,1489
24/06/2017 07:15,1691
24/06/2017 07:30,1839
24/06/2017 07:45,1840
24/06/2017 08:00,1986
24/06/2017 08:15,2069
24/06/2017 08:30,2239
24/06/2017 08:45,2177
24/06/2017 09:00,2327
24/06/2017 09:15,2261
24/06/2017 09:30,2498
24/06/2017 09:45,2612
24/06/2017 10:00,2857
24/06/2017 10:15,2846
24/06/2017 10:30,2879
24/06/2017 10:45,2975
24/06/2017 11:00,3174
24/06/2017 11:15,3298
24/06/2017 11:30,3206
24/06/2017 11:45,3035
24/06/2017 12:00,3421
24/06/2017 12:15,3675
24/06/2017 12:30,3690
24/06/2017 12:45,3718
24/06/2017 13:00,3690
24/06/2017 13:15,3833
24/06/2017 13:30,4133
24/06/2017 13:45,6040
24/06/2017 14:00,6775
24/06/2017 14:15,5466
24/06/2017 14:30,6028
24/06/2017 14:45,6465
24/06/2017 15:00,6905
24/06/2017 15:15,7350
24/06/2017 15:30,7180
24/06/2017 15:45,6828
24/06/2017 16:00,7433
24/06/2017 16:15,7406
24/06/2017 16:30,7679
24/06/2017 16:45,7814
24/06/2017 17:00,8007
24/06/2017 17:15,8237
24/06/2017 17:30,8355
24/06/2017 17:45,8266
24/06/2017 18:00,8094
24/06/2017 18:15,8238
24/06/2017 18:30,8525
24/06/2017 18:45,8681
24/06/2017 19:00,8519
24/06/2017 19:15,8739
24/06/2017 19:30,8525
24/06/2017 19:45,8573
24/06/2017 20:00,8535
24/06/2017 20:15,8944
24/06/2017 20:30,8831
24/06/2017 20:45,8874
24/06/2017 21:00,8841
24/06/2017 21:15,8905
24/06/2017 21:30,9142
24/06/2017 21:45,8712
24/06/2017 22:00,8774
24/06/2017 22:15,8599
24/06/2017 22:30,8303
24/06/2017 22:45,8101
24/06/2017 23:00,7594
24/06/2017 23:15,7322
24/06/2017 23:30,7054
24/06/2017 23:45,6257
25/06/2017 00:00,5518
25/06/2017 00:15,4955
25/06/2017 00:30,4772
25/06/2017 00:45,4150
25/06/2017 01:00,3594
25/06/2017 01:15,3255
25/06/2017 01:30,2808
25/06/2017 01:45,2540
25/06/2017 02:00,2392
25/06/2017 02:15,2056
25/06/2017 02:30,1794
25/06/2017 02:45,1496
25/06/2017 03:00,1314
25/06/2017 03:15,1159
25/06/2017 03:30,1162
25/06/2017 03:45,1152
25/06/2017 04:00,1125
25/06/2017 04:15,1173
25/06/2017 04:30,1298
25/06/2017 04:45,1377
25/06/2017 05:00,1440
25/06/2017 05:15,1530
25/06/2017 05:30,1575
25/06/2017 05:45,1886
25/06/2017 06:00,2050
25/06/2017 06:15,2326
25/06/2017 06:30,2631
25/06/2017 06:45,3018
25/06/2017 07:00,3719
25/06/2017 07:15,4294
25/06/2017 07:30,4897
25/06/2017 07:45,5674
25/06/2017 08:00,6576
25/06/2017 08:15,7041
25/06/2017 08:30,7239
25/06/2017 08:45,7648
25/06/2017 09:00,7898
25/06/2017 09:15,8126
25/06/2017 09:30,8454
25/06/2017 09:45,9069
25/06/2017 10:00,9324
25/06/2017 10:15,9851
25/06/2017 10:30,9994
25/06/2017 10:45,10525
25/06/2017 11:00,10888
25/06/2017 11:15,10768
25/06/2017 11:30,11068
25/06/2017 11:45,10810
25/06/2017 12:00,10761
25/06/2017 12:15,11484
25/06/2017 12:30,11367
25/06/2017 12:45,11754
25/06/2017 13:00,12244
25/06/2017 13:15,13430
25/06/2017 13:30,13048
25/06/2017 13:45,13290
25/06/2017 14:00,13537
25/06/2017 14:15,14389
25/06/2017 14:30,13474
25/06/2017 14:45,13495
25/06/2017 15:00,13160
25/06/2017 15:15,13032
25/06/2017 15:30,13084
25/06/2017 15:45,13484
25/06/2017 16:00,13510
25/06/2017 16:15,13784
25/06/2017 16:30,13548
25/06/2017 16:45,13803
25/06/2017 17:00,13940
25/06/2017 17:15,13952
25/06/2017 17:30,13785
25/06/2017 17:45,13711
25/06/2017 18:00,13434
25/06/2017 18:15,13278
25/06/2017 18:30,13093
25/06/2017 18:45,12624
25/06/2017 19:00,12630
25/06/2017 19:15,12764
25/06/2017 19:30,12903
25/06/2017 19:45,12699
25/06/2017 20:00,12908
25/06/2017 20:15,13632
25/06/2017 20:30,13186
25/06/2017 20:45,13586
25/06/2017 21:00,13905
25/06/2017 21:15,14169
25/06/2017 21:30,14225
25/06/2017 21:45,14373
25/06/2017 22:00,13660
25/06/2017 22:15,12980
25/06/2017 22:30,12037
25/06/2017 22:45,11210
25/06/2017 23:00,10595
25/06/2017 23:15,10122
25/06/2017 23:30,9413
25/06/2017 23:45,8421
26/06/2017 00:00,6607
26/06/2017 00:15,170
26/06/2017 00:30,212
26/06/2017 00:45,606
26/06/2017 01:00,633
26/06/2017 01:15,672
26/06/2017 01:30,735
26/06/2017 01:45,588
26/06/2017 02:00,560
26/06/2017 02:15,557
26/06/2017 02:30,429
26/06/2017 02:45,358
26/06/2017 03:00,367
26/06/2017 03:15,283
26/06/2017 03:30,272
26/06/2017 03:45,272
26/06/2017 04:00,310
26/06/2017 04:15,278
26/06/2017 04:30,334
26/06/2017 04:45,393
26/06/2017 05:00,398
26/06/2017 05:15,462
26/06/2017 05:30,482
26/06/2017 05:45,509
26/06/2017 06:00,556
26/06/2017 06:15,601
26/06/2017 06:30,729
26/06/2017 06:45,1773
26/06/2017 07:00,2152
26/06/2017 07:15,2501
26/06/2017 07:30,3253
26/06/2017 07:45,3544
26/06/2017 08:00,3810
26/06/2017 08:15,4593
26/06/2017 08:30,5236
26/06/2017 08:45,5437
26/06/2017 09:00,5882
26/06/2017 09:15,6120
26/06/2017 09:30,6998
26/06/2017 09:45,7309
26/06/2017 10:00,7307
26/06/2017 10:15,7875
26/06/2017 10:30,8362
26/06/2017 10:45,8488
26/06/2017 11:00,9058
26/06/2017 11:15,9149
26/06/2017 11:30,9787
26/06/2017 11:45,10852
26/06/2017 12:00,11196
26/06/2017 12:15,11271
26/06/2017 12:30,11687
26/06/2017 12:45,12406
26/06/2017 13:00,11766
26/06/2017 13:15,11838
26/06/2017 13:30,11773
26/06/2017 13:45,12708
26/06/2017 14:00,12188
26/06/2017 14:15,12486
26/06/2017 14:30,11984
26/06/2017 14:45,12313
26/06/2017 15:00,12643
26/06/2017 15:15,12685
26/06/2017 15:30,13094
26/06/2017 15:45,13285
26/06/2017 16:00,13485
26/06/2017 16:15,14445
26/06/2017 16:30,14898
26/06/2017 16:45,14846
26/06/2017 17:00,14655
26/06/2017 17:15,15418
26/06/2017 17:30,14412
26/06/2017 17:45,14613
26/06/2017 18:00,14433
26/06/2017 18:15,14220
26/06/2017 18:30,14628
26/06/2017 18:45,14593
26/06/2017 19:00,14172
26/06/2017 19:15,15656
26/06/2017 19:30,15414
26/06/2017 19:45,15338
26/06/2017 20:00,15666
26/06/2017 20:15,18380
26/06/2017 20:30,21945
26/06/2017 20:45,22971
26/06/2017 21:00,22522
26/06/2017 21:15,22374
26/06/2017 21:30,18979
26/06/2017 21:45,18222
26/06/2017 22:00,16524
26/06/2017 22:15,13443
26/06/2017 22:30,12797
26/06/2017 22:45,12201
26/06/2017 23:00,11295
26/06/2017 23:15,10152
26/06/2017 23:30,8987
26/06/2017 23:45,8454
27/06/2017 00:00,7649
27/06/2017 00:15,6726
27/06/2017 00:30,6345
27/06/2017 00:45,5522
27/06/2017 01:00,4847
27/06/2017 01:15,4542
27/06/2017 01:30,4110
27/06/2017 01:45,3497
27/06/2017 02:00,3044
27/06/2017 02:15,2641
27/06/2017 02:30,2283
27/06/2017 02:45,2087
27/06/2017 03:00,1877
27/06/2017 03:15,1713
27/06/2017 03:30,1599
27/06/2017 03:45,1606
27/06/2017 04:00,1618
27/06/2017 04:15,1774
27/06/2017 04:30,1727
27/06/2017 04:45,1874
27/06/2017 05:00,1966
27/06/2017 05:15,2082
27/06/2017 05:30,2173
27/06/2017 05:45,5056
27/06/2017 06:00,1993
27/06/2017 06:15,2249
27/06/2017 06:30,2683
27/06/2017 06:45,3086
27/06/2017 07:00,3405
27/06/2017 07:15,4035
27/06/2017 07:30,4711
27/06/2017 07:45,5463
27/06/2017 08:00,6302
27/06/2017 08:15,6708
27/06/2017 08:30,7371
27/06/2017 08:45,8033
27/06/2017 09:00,8320
27/06/2017 09:15,8561
27/06/2017 09:30,9114
27/06/2017 09:45,9329
27/06/2017 10:00,4974
27/06/2017 10:15,1386
27/06/2017 10:30,1129
27/06/2017 10:45,6120
27/06/2017 11:00,11132
27/06/2017 11:15,11447
27/06/2017 11:30,11499
27/06/2017 11:45,11404
27/06/2017 12:00,11662
27/06/2017 12:15,11891
27/06/2017 12:30,11610
27/06/2017 12:45,13291
27/06/2017 13:00,13167
27/06/2017 13:15,13617
27/06/2017 13:30,13891
27/06/2017 13:45,14481
27/06/2017 14:00,14705
27/06/2017 14:15,15097
27/06/2017 14:30,14451
27/06/2017 14:45,13924
27/06/2017 15:00,14188
27/06/2017 15:15,14659
27/06/2017 15:30,14958
27/06/2017 15:45,15144
27/06/2017 16:00,15067
27/06/2017 16:15,15692
27/06/2017 16:30,15971
27/06/2017 16:45,16309
27/06/2017 17:00,16038
27/06/2017 17:15,17041
27/06/2017 17:30,16995
27/06/2017 17:45,16354
27/06/2017 18:00,16419
27/06/2017 18:15,16349
27/06/2017 18:30,16060
27/06/2017 18:45,16545
27/06/2017 19:00,16796
27/06/2017 19:15,17702
27/06/2017 19:30,17529
27/06/2017 19:45,17240
27/06/2017 20:00,16756
27/06/2017 20:15,17535
27/06/2017 20:30,16661
27/06/2017 20:45,16627
27/06/2017 21:00,16164
27/06/2017 21:15,16366
27/06/2017 21:30,16087
27/06/2017 21:45,16629
27/06/2017 22:00,15891
27/06/2017 22:15,15319
27/06/2017 22:30,15220
27/06/2017 22:45,14618
27/06/2017 23:00,14435
27/06/2017 23:15,13513
27/06/2017 23:30,12198
27/06/2017 23:45,11080
28/06/2017 00:00,10254
28/06/2017 00:15,9349
28/06/2017 00:30,8289
28/06/2017 00:45,7566
28/06/2017 01:00,6676
28/06/2017 01:15,5889
28/06/2017 01:30,5458
28/06/2017 01:45,4906
28/06/2017 02:00,4200
28/06/2017 02:15,3604
28/06/2017 02:30,3059
28/06/2017 02:45,2792
28/06/2017 03:00,2380
28/06/2017 03:15,2175
28/06/2017 03:30,1994
28/06/2017 03:45,1839
28/06/2017 04:00,1883
28/06/2017 04:15,1846
28/06/2017 04:30,1865
28/06/2017 04:45,1933
28/06/2017 05:00,1895
28/06/2017 05:15,1960
28/06/2017 05:30,1869
28/06/2017 05:45,5606
28/06/2017 06:00,1946
28/06/2017 06:15,1972
28/06/2017 06:30,2331
28/06/2017 06:45,2839
28/06/2017 07:00,3116
28/06/2017 07:15,3502
28/06/2017 07:30,4251
28/06/2017 07:45,5023
28/06/2017 08:00,5776
28/06/2017 08:15,6466
28/06/2017 08:30,7474
28/06/2017 08:45,8289
28/06/2017 09:00,8919
28/06/2017 09:15,10092
28/06/2017 09:30,10650
28/06/2017 09:45,11022
28/06/2017 10:00,11730
28/06/2017 10:15,12390
28/06/2017 10:30,12625
28/06/2017 10:45,13607
28/06/2017 11:00,13789
28/06/2017 11:15,14146
28/06/2017 11:30,14429
28/06/2017 11:45,14729
28/06/2017 12:00,14818
28/06/2017 12:15,15361
28/06/2017 12:30,16154
28/06/2017 12:45,16799
28/06/2017 13:00,16308
28/06/2017 13:15,16712
28/06/2017 13:30,17530
28/06/2017 13:45,17493
28/06/2017 14:00,18168
28/06/2017 14:15,18915
28/06/2017 14:30,20299
28/06/2017 14:45,9221
28/06/2017 15:00,1324
28/06/2017 15:15,2649
28/06/2017 15:30,45109
28/06/2017 15:45,53711
28/06/2017 16:00,57154
28/06/2017 16:15,57521
28/06/2017 16:30,59145
28/06/2017 16:45,54045
28/06/2017 17:00,69079
28/06/2017 17:15,57799
28/06/2017 17:30,51165
28/06/2017 17:45,50070
28/06/2017 18:00,50895
28/06/2017 18:15,53062
28/06/2017 18:30,52025
28/06/2017 18:45,55414
28/06/2017 19:00,59645
28/06/2017 19:15,64791
28/06/2017 19:30,74621
28/06/2017 19:45,69083
28/06/2017 20:00,63180
28/06/2017 20:15,59200
28/06/2017 20:30,59163
28/06/2017 20:45,57329
28/06/2017 21:00,57989
28/06/2017 21:15,83636
28/06/2017 21:30,57821
28/06/2017 21:45,43428
28/06/2017 22:00,40530
28/06/2017 22:15,44751
28/06/2017 22:30,50287
28/06/2017 22:45,49686
28/06/2017 23:00,43742
28/06/2017 23:15,40736
28/06/2017 23:30,42180
28/06/2017 23:45,34518
29/06/2017 00:00,29296
29/06/2017 00:15,31757
29/06/2017 00:30,20203
29/06/2017 00:45,15586
29/06/2017 01:00,11252
29/06/2017 01:15,9372
29/06/2017 01:30,7790
29/06/2017 01:45,7092
29/06/2017 02:00,6066
29/06/2017 02:15,5029
29/06/2017 02:30,4238
29/06/2017 02:45,3544
29/06/2017 03:00,3264
29/06/2017 03:15,2880
29/06/2017 03:30,2661
29/06/2017 03:45,2390
29/06/2017 04:00,2432
29/06/2017 04:15,2341
29/06/2017 04:30,2329
29/06/2017 04:45,2402
29/06/2017 05:00,2506
29/06/2017 05:15,2519
29/06/2017 05:30,2717
29/06/2017 05:45,2939
29/06/2017 06:00,3100
29/06/2017 06:15,2939
29/06/2017 06:30,3226
29/06/2017 06:45,3750
29/06/2017 07:00,4312
29/06/2017 07:15,5004
29/06/2017 07:30,5586
29/06/2017 07:45,6482
29/06/2017 08:00,7860
29/06/2017 08:15,9204
29/06/2017 08:30,10530
29/06/2017 08:45,11681
29/06/2017 09:00,12476
29/06/2017 09:15,14061
29/06/2017 09:30,15982
29/06/2017 09:45,18618
29/06/2017 10:00,21904
29/06/2017 10:15,24269
29/06/2017 10:30,24880
29/06/2017 10:45,26134
29/06/2017 11:00,28531
29/06/2017 11:15,30327
29/06/2017 11:30,30678
29/06/2017 11:45,31861
29/06/2017 12:00,32345
29/06/2017 12:15,33325
29/06/2017 12:30,32232
29/06/2017 12:45,31964
29/06/2017 13:00,35264
29/06/2017 13:15,41410
29/06/2017 13:30,43619
29/06/2017 13:45,45282
29/06/2017 14:00,43958
29/06/2017 14:15,41708
29/06/2017 14:30,42243
29/06/2017 14:45,41413
29/06/2017 15:00,42245
29/06/2017 15:15,45997
29/06/2017 15:30,45866
29/06/2017 15:45,45926
29/06/2017 16:00,44195
29/06/2017 16:15,47205
29/06/2017 16:30,53318
29/06/2017 16:45,59310
29/06/2017 17:00,54720
29/06/2017 17:15,52773
29/06/2017 17:30,52461
29/06/2017 17:45,51819
29/06/2017 18:00,56989
29/06/2017 18:15,58350
29/06/2017 18:30,53879
29/06/2017 18:45,53863
29/06/2017 19:00,53009
29/06/2017 19:15,52897
29/06/2017 19:30,51933
29/06/2017 19:45,53125
29/06/2017 20:00,58403
29/06/2017 20:15,57959
29/06/2017 20:30,54962
29/06/2017 20:45,60476
29/06/2017 21:00,57523
29/06/2017 21:15,53497
29/06/2017 21:30,48475
29/06/2017 21:45,57839
29/06/2017 22:00,52087
29/06/2017 22:15,46581
29/06/2017 22:30,45813
29/06/2017 22:45,39108
29/06/2017 23:00,38946
29/06/2017 23:15,40386
29/06/2017 23:30,38555
29/06/2017 23:45,34018
30/06/2017 00:00,32581
30/06/2017 00:15,31486
30/06/2017 00:30,33393
30/06/2017 00:45,32882
30/06/2017 01:00,22222
30/06/2017 01:15,17523
30/06/2017 01:30,13950
30/06/2017 01:45,11394
30/06/2017 02:00,9039
30/06/2017 02:15,6485
30/06/2017 02:30,5565
30/06/2017 02:45,4620
30/06/2017 03:00,3873
30/06/2017 03:15,3386
30/06/2017 03:30,3166
30/06/2017 03:45,3077
30/06/2017 04:00,2788
30/06/2017 04:15,2672
30/06/2017 04:30,2657
30/06/2017 04:45,2811
30/06/2017 05:00,2786
30/06/2017 05:15,2781
30/06/2017 05:30,3016
30/06/2017 05:45,3437
30/06/2017 06:00,3211
30/06/2017 06:15,3230
30/06/2017 06:30,3315
30/06/2017 06:45,3747
30/06/2017 07:00,4111
30/06/2017 07:15,4508
30/06/2017 07:30,5136
30/06/2017 07:45,5711
30/06/2017 08:00,6392
30/06/2017 08:15,6866
30/06/2017 08:30,7467
30/06/2017 08:45,8733
30/06/2017 09:00,9902
30/06/2017 09:15,11490
30/06/2017 09:30,13041
30/06/2017 09:45,14995
30/06/2017 10:00,17059
30/06/2017 10:15,18127
30/06/2017 10:30,20750
30/06/2017 10:45,23267
30/06/2017 11:00,25010
30/06/2017 11:15,24374
30/06/2017 11:30,24854
30/06/2017 11:45,25564
30/06/2017 12:00,26794
30/06/2017 12:15,29932
30/06/2017 12:30,31681
30/06/2017 12:45,32318
30/06/2017 13:00,30661
30/06/2017 13:15,31987
30/06/2017 13:30,34210
30/06/2017 13:45,36490
30/06/2017 14:00,39523
30/06/2017 14:15,39897
30/06/2017 14:30,37542
30/06/2017 14:45,38820
30/06/2017 15:00,38787
30/06/2017 15:15,36799
30/06/2017 15:30,36350
30/06/2017 15:45,35025
30/06/2017 16:00,36060
30/06/2017 16:15,36408
30/06/2017 16:30,39578
30/06/2017 16:45,43111
30/06/2017 17:00,43735
30/06/2017 17:15,41501
30/06/2017 17:30,41317
30/06/2017 17:45,42945
30/06/2017 18:00,42359
30/06/2017 18:15,46449
30/06/2017 18:30,48241
30/06/2017 18:45,50185
30/06/2017 19:00,52544
30/06/2017 19:15,53459
30/06/2017 19:30,57916
30/06/2017 19:45,61326
30/06/2017 20:00,57815
30/06/2017 20:15,54032
30/06/2017 20:30,52385
30/06/2017 20:45,54147
30/06/2017 21:00,52692
30/06/2017 21:15,54291
30/06/2017 21:30,50879
30/06/2017 21:45,48121
30/06/2017 22:00,50453
30/06/2017 22:15,60265
30/06/2017 22:30,56059
30/06/2017 22:45,45615
30/06/2017 23:00,43996
30/06/2017 23:15,37776
30/06/2017 23:30,34138
30/06/2017 23:45,35507
01/07/2017 00:00,34434
01/07/2017 00:15,30955
01/07/2017 00:30,27811
01/07/2017 00:45,24477
01/07/2017 01:00,26650
01/07/2017 01:15,22134
01/07/2017 01:30,17155
01/07/2017 01:45,14601
01/07/2017 02:00,11231
01/07/2017 02:15,7671
01/07/2017 02:30,5346
01/07/2017 02:45,4239
01/07/2017 03:00,3589
01/07/2017 03:15,3098
01/07/2017 03:30,2874
01/07/2017 03:45,2510
01/07/2017 04:00,2473
01/07/2017 04:15,2351
01/07/2017 04:30,2351
01/07/2017 04:45,2387
01/07/2017 05:00,2317
01/07/2017 05:15,2346
01/07/2017 05:30,2559
01/07/2017 05:45,2626
01/07/2017 06:00,2583
01/07/2017 06:15,2653
01/07/2017 06:30,2748
01/07/2017 06:45,2945
01/07/2017 07:00,3168
01/07/2017 07:15,3507
01/07/2017 07:30,3960
01/07/2017 07:45,4384
01/07/2017 08:00,5272
01/07/2017 08:15,5797
01/07/2017 08:30,6402
01/07/2017 08:45,7085
01/07/2017 09:00,8026
01/07/2017 09:15,9119
01/07/2017 09:30,10963
01/07/2017 09:45,13122
01/07/2017 10:00,14645
01/07/2017 10:15,16687
01/07/2017 10:30,17220
01/07/2017 10:45,18999
01/07/2017 11:00,20959
01/07/2017 11:15,23751
01/07/2017 11:30,28745
01/07/2017 11:45,32062
01/07/2017 12:00,33125
01/07/2017 12:15,33460
01/07/2017 12:30,32061
01/07/2017 12:45,32503
01/07/2017 13:00,34958
01/07/2017 13:15,38663
01/07/2017 13:30,44115
01/07/2017 13:45,42897
01/07/2017 14:00,41342
01/07/2017 14:15,38263
01/07/2017 14:30,36586
01/07/2017 14:45,39458
01/07/2017 15:00,46032
01/07/2017 15:15,37271
01/07/2017 15:30,37965
01/07/2017 15:45,39296
01/07/2017 16:00,38417
01/07/2017 16:15,39233
01/07/2017 16:30,40179
01/07/2017 16:45,41310
01/07/2017 17:00,46533
01/07/2017 17:15,56353
01/07/2017 17:30,50496
01/07/2017 17:45,42593
01/07/2017 18:00,42206
01/07/2017 18:15,41775
01/07/2017 18:30,55516
01/07/2017 18:45,48048
01/07/2017 19:00,41269
01/07/2017 19:15,39672
01/07/2017 19:30,40092
01/07/2017 19:45,41794
01/07/2017 20:00,40508
01/07/2017 20:15,37576
01/07/2017 20:30,36775
01/07/2017 20:45,34709
01/07/2017 21:00,32666
01/07/2017 21:15,32405
01/07/2017 21:30,38652
01/07/2017 21:45,31705
01/07/2017 22:00,28116
01/07/2017 22:15,28131
01/07/2017 22:30,28319
01/07/2017 22:45,27198
01/07/2017 23:00,26133
01/07/2017 23:15,25240
01/07/2017 23:30,24072
01/07/2017 23:45,23379
02/07/2017 00:00,22222
02/07/2017 00:15,19938
02/07/2017 00:30,18561
02/07/2017 00:45,17357
02/07/2017 01:00,15364
02/07/2017 01:15,14356
02/07/2017 01:30,12468
02/07/2017 01:45,9953
02/07/2017 02:00,7768
02/07/2017 02:15,5413
02/07/2017 02:30,3884
02/07/2017 02:45,3015
02/07/2017 03:00,2704
02/07/2017 03:15,2293
02/07/2017 03:30,1927
02/07/2017 03:45,1839
02/07/2017 04:00,1697
02/07/2017 04:15,1689
02/07/2017 04:30,1687
02/07/2017 04:45,1824
02/07/2017 05:00,1934
02/07/2017 05:15,2062
02/07/2017 05:30,2109
02/07/2017 05:45,2197
02/07/2017 06:00,2455
02/07/2017 06:15,2709
02/07/2017 06:30,2846
02/07/2017 06:45,3201
02/07/2017 07:00,3538
02/07/2017 07:15,3612
02/07/2017 07:30,3913
02/07/2017 07:45,4104
02/07/2017 08:00,4033
02/07/2017 08:15,4011
02/07/2017 08:30,3897
02/07/2017 08:45,3657
02/07/2017 09:00,3735
02/07/2017 09:15,3741
02/07/2017 09:30,3749
02/07/2017 09:45,3619
02/07/2017 10:00,3715
02/07/2017 10:15,3380
02/07/2017 10:30,3292
02/07/2017 10:45,3162
02/07/2017 11:00,2957
02/07/2017 11:15,2786
02/07/2017 11:30,2467
02/07/2017 11:45,2227
02/07/2017 12:00,2190
02/07/2017 12:15,2042
02/07/2017 12:30,1947
02/07/2017 12:45,1765
02/07/2017 13:00,1781
02/07/2017 13:15,1830
02/07/2017 13:30,1797
02/07/2017 13:45,1435
02/07/2017 14:00,1292
02/07/2017 14:15,1166
02/07/2017 14:30,977
02/07/2017 14:45,1072
02/07/2017 15:00,948
02/07/2017 15:15,916
02/07/2017 15:30,824
02/07/2017 15:45,841
02/07/2017 16:00,1005
02/07/2017 16:15,771
02/07/2017 16:30,700
02/07/2017 16:45,709
02/07/2017 17:00,722
02/07/2017 17:15,591
02/07/2017 17:30,516
02/07/2017 17:45,519
02/07/2017 18:00,399
02/07/2017 18:15,352
02/07/2017 18:30,305
02/07/2017 18:45,263
02/07/2017 19:00,286
02/07/2017 19:15,236
02/07/2017 19:30,216
02/07/2017 19:45,234
02/07/2017 20:00,285
02/07/2017 20:15,170
02/07/2017 20:30,146
02/07/2017 20:45,149
02/07/2017 21:00,128
02/07/2017 21:15,89
02/07/2017 21:30,67
02/07/2017 21:45,101
02/07/2017 22:00,96
02/07/2017 22:15,70
02/07/2017 22:30,46
02/07/2017 22:45,46
02/07/2017 23:00,47
02/07/2017 23:15,38
02/07/2017 23:30,39
02/07/2017 23:45,31
03/07/2017 00:00,23
03/07/2017 00:15,30
03/07/2017 00:30,25
03/07/2017 00:45,29
03/07/2017 01:00,26
03/07/2017 01:15,20
03/07/2017 01:30,23
03/07/2017 01:45,20
03/07/2017 02:00,21
03/07/2017 02:15,17
03/07/2017 02:30,20
03/07/2017 02:45,23
03/07/2017 03:00,24
03/07/2017 03:15,29
03/07/2017 03:30,24
03/07/2017 03:45,31
03/07/2017 04:00,30
03/07/2017 04:15,30
03/07/2017 04:30,42
03/07/2017 04:45,53
03/07/2017 05:00,55
03/07/2017 05:15,77
03/07/2017 05:30,119
03/07/2017 05:45,153
03/07/2017 06:00,189
03/07/2017 06:15,189
03/07/2017 06:30,293
03/07/2017 06:45,248
03/07/2017 07:00,277
03/07/2017 07:15,290
03/07/2017 07:30,257
03/07/2017 07:45,305
03/07/2017 08:00,241
03/07/2017 08:15,261
03/07/2017 08:30,231
03/07/2017 08:45,232
03/07/2017 09:00,294
03/07/2017 09:15,294
03/07/2017 09:30,242
03/07/2017 09:45,308
03/07/2017 10:00,140
03/07/2017 10:15,6
03/07/2017 10:30,4
03/07/2017 10:45,2
03/07/2017 11:00,4
03/07/2017 11:30,1
03/07/2017 13:00,2
03/07/2017 13:15,1
