POLYGON;HOUR;INPUT;RMSE;RSQUARED;SMAPE;name;type
2;32;96;40.079028430034064;0.5127285145424914;38.40021351701636;Bus/Taxi;transport
2;24;72;39.62210827770804;0.570821186629629;43.13429138706986;Bus/Taxi;transport
2;16;48;36.58923213627975;0.6785103878030898;49.75425277336652;Bus/Taxi;transport
2;12;36;38.510559741279955;0.5484658256963952;61.20371836214268;Bus/Taxi;transport
2;8;24;35.98994569912378;0.5734200775352294;73.91070085638147;Bus/Taxi;transport
2;4;12;39.547337627806584;0.6411164883737487;62.34291670437776;Bus/Taxi;transport
2;2;6;49.0861222976493;-0.6318814089853024;33.04619448950548;Bus/Taxi;transport
2;1;3;50.71250550134709;-15.836387654495311;32.20416814998697;Bus/Taxi;transport
3;32;96;1042.9224401675583;-0.2554416861108122;96.25487253587394;Arena - Stage;stage
3;24;72;983.2661337656698;-0.212627686067961;109.685477742462;Arena - Stage;stage
3;16;48;741.2941948424026;0.45316437418041877;118.12663351830662;Arena - Stage;stage
3;12;36;596.7228834181396;0.3795950760564667;144.81058504391964;Arena - Stage;stage
3;8;24;555.8257855947807;0.3064390966745064;167.54480587269282;Arena - Stage;stage
3;4;12;688.3710845713775;0.36657588819013587;146.16682130783488;Arena - Stage;stage
3;2;6;918.1179205755654;0.0862963173857989;102.5095438615365;Arena - Stage;stage
3;1;3;1236.7299216370457;-15.973485107743954;85.84504887462525;Arena - Stage;stage
4;32;96;31.11322706643783;0.36891881194110865;20.24744616724891;Camping Q (GAT Central);camping
4;24;72;29.57912567596268;0.47998479729059973;19.52460734990624;Camping Q (GAT Central);camping
4;16;48;29.417067275682637;0.5803151407042346;19.387648216655638;Camping Q (GAT Central);camping
4;12;36;29.900797414249375;0.6221127202185256;20.215793028617703;Camping Q (GAT Central);camping
4;8;24;31.098561034517207;0.40388022942352586;22.415784882818997;Camping Q (GAT Central);camping
4;4;12;41.05838290852861;0.20867517358362608;28.469344272587865;Camping Q (GAT Central);camping
4;2;6;55.80828536417443;-3.3553683173138733;37.244718782264414;Camping Q (GAT Central);camping
4;1;3;26.724130588906267;-24.28067807904126;20.939985479948557;Camping Q (GAT Central);camping
5;32;96;159.99380069563284;-0.06481999385701709;42.30784215400457;Camping C;camping
5;24;72;163.5655563558891;-0.09510755041526275;49.16597252136207;Camping C;camping
5;16;48;165.3804408252669;0.052686273005898565;59.23005332317442;Camping C;camping
5;12;36;185.3727501946016;-0.17264054567787523;75.07138132109525;Camping C;camping
5;8;24;220.95138155896447;-1.5429747658383381;106.32969858374382;Camping C;camping
5;4;12;236.51251507447043;-2.493120918697855;75.07860468715153;Camping C;camping
5;2;6;197.02590149036655;-3.009937851725499;33.75538431530493;Camping C;camping
5;1;3;148.05443218542788;-11.354580746653214;27.598316955008706;Camping C;camping
6;32;96;1898.6358748654022;0.756055045513372;51.285714529500716;Roskilde Festival (Inner area);main
6;24;72;2026.9428137336688;0.7195326376178119;63.72755351692455;Roskilde Festival (Inner area);main
6;16;48;1419.581173407402;0.8171475636514467;81.53599842798505;Roskilde Festival (Inner area);main
6;12;36;1556.1534964505413;0.34870873875938213;105.22256434429961;Roskilde Festival (Inner area);main
6;8;24;1645.544889919226;0.1011438663889822;129.20616123103474;Roskilde Festival (Inner area);main
6;4;12;1410.0364503601209;0.5492444198940961;92.32435277368558;Roskilde Festival (Inner area);main
6;2;6;753.9705173830341;0.7891688876967903;23.14249277101056;Roskilde Festival (Inner area);main
6;1;3;578.1387743685265;0.02336439051145256;11.819617867254445;Roskilde Festival (Inner area);main
7;32;96;67.33989521087396;0.47709344363093487;16.907827499933127;Camping M (GAT East)/Restricted Camping (Soveby);camping
7;24;72;61.37624169069646;0.5882758736864468;15.515919305036977;Camping M (GAT East)/Restricted Camping (Soveby);camping
7;16;48;56.561366663788114;0.7180549638293172;13.285134438944729;Camping M (GAT East)/Restricted Camping (Soveby);camping
7;12;36;58.03212078777835;0.7330561740938949;13.89413245856658;Camping M (GAT East)/Restricted Camping (Soveby);camping
7;8;24;64.23431120084352;0.48932670386752186;16.476517182657975;Camping M (GAT East)/Restricted Camping (Soveby);camping
7;4;12;89.32718940353558;0.22741778963361647;24.50870623284846;Camping M (GAT East)/Restricted Camping (Soveby);camping
7;2;6;121.04382749722623;-4.122044459072981;33.8439466401298;Camping M (GAT East)/Restricted Camping (Soveby);camping
7;1;3;107.92123773095453;-2.853191424314026;25.257591076961823;Camping M (GAT East)/Restricted Camping (Soveby);camping
8;32;96;2.0526230653691675;0.4735311009694496;47.63878605371756;Parking West;parking
8;24;72;2.1584313364213834;0.4956272523809593;47.50548861919936;Parking West;parking
8;16;48;1.9442873685483366;0.5550470470516355;45.600343629630736;Parking West;parking
8;12;36;1.9380335787518026;0.5742724235224395;49.848910956497505;Parking West;parking
8;8;24;1.441470132383301;-0.35782017228743257;56.85456805544376;Parking West;parking
8;4;12;1.4965920550375715;-1.6062985067072946;67.29759822941624;Parking West;parking
8;2;6;1.5029182106957102;-0.8070105184326359;59.77039818950032;Parking West;parking
8;1;3;1.361432305766559;-0.4827983385478791;44.16625783719703;Parking West;parking
9;32;96;20.959424136896317;0.7264390504366797;35.7196461741776;Artist Village;food
9;24;72;19.86915430075531;0.7411578108694192;41.070039263281124;Artist Village;food
9;16;48;16.471366740413842;0.5496464272511102;51.81010904190907;Artist Village;food
9;12;36;15.146103416920196;0.056392030775152535;61.13271322077443;Artist Village;food
9;8;24;15.08554586600008;-0.627172172838018;74.19015690984679;Artist Village;food
9;4;12;12.742499382622961;0.20691730191304447;56.94287451080766;Artist Village;food
9;2;6;7.192397132115696;0.4525864919993007;17.756077845677186;Artist Village;food
9;1;3;8.880548914160087;0.20489830858938984;21.92489541686277;Artist Village;food
10;32;96;64.07612743113084;0.42960679893874176;48.055143984818706;Street City;food
10;24;72;68.01370922604823;0.3962243038139881;58.08569768494232;Street City;food
10;16;48;68.93541484911547;0.532991497615807;71.6424369253275;Street City;food
10;12;36;73.97437173414636;0.39850289033985387;90.22393401065271;Street City;food
10;8;24;87.68571397775052;-0.4878423903106057;129.88941616383548;Street City;food
10;4;12;100.76399346824046;-0.8450683643214245;112.03884138494882;Street City;food
10;2;6;93.19443800701781;-10.48171960729589;41.632065470215764;Street City;food
10;1;3;11.404297594067767;0.781850502377088;5.077562438162317;Street City;food
11;32;96;595.7655411895911;0.6855205773014441;58.8500433069874;Trade Zone;food
11;24;72;578.6433813562817;0.6756769463908245;71.42527896403652;Trade Zone;food
11;16;48;431.46735959376406;0.7436661627980634;89.2853827896155;Trade Zone;food
11;12;36;394.0470515324762;0.08163632099083651;113.4108271233796;Trade Zone;food
11;8;24;409.31460849931875;-0.4983971519912127;138.2305530132353;Trade Zone;food
11;4;12;357.43278968484043;0.21229694103735142;104.14494202478201;Trade Zone;food
11;2;6;301.74795087233;-0.11359394666689182;36.586213516385556;Trade Zone;food
11;1;3;353.4764502398213;-2.9831312953130364;32.49303221690777;Trade Zone;food
14;32;96;12.819873882182918;0.5828163668491201;32.845963538857355;Restricted Parking (P1);parking
14;24;72;12.571929060854025;0.6260320465855239;35.75566490940443;Restricted Parking (P1);parking
14;16;48;11.619909298250578;0.7600793927145345;40.03498239046013;Restricted Parking (P1);parking
14;12;36;11.249566193209986;0.7258527690539578;47.740808463399816;Restricted Parking (P1);parking
14;8;24;11.716654998065824;0.6219554697282762;60.482311971615275;Restricted Parking (P1);parking
14;4;12;11.001534878170462;0.6918269294037984;32.47410375458846;Restricted Parking (P1);parking
14;2;6;14.526008132673358;-1.9777981003994536;30.29426177431902;Restricted Parking (P1);parking
14;1;3;12.926216107034733;-18.09566432523019;24.702042153445134;Restricted Parking (P1);parking
15;32;96;5.8379485522050185;0.15143805260477028;43.83415313491257;Restricted Camping (Berendsen);camping
15;24;72;5.37972413378752;0.3201342910740377;38.32046061964978;Restricted Camping (Berendsen);camping
15;16;48;5.190883050054159;0.026043179220299417;24.437734391070716;Restricted Camping (Berendsen);camping
15;12;36;5.419670595643637;0.015378588465126741;23.721308980126963;Restricted Camping (Berendsen);camping
15;8;24;4.005563890270625;-0.6669654108093446;23.761970453554472;Restricted Camping (Berendsen);camping
15;4;12;4.390063778791198;-1.172523538245152;25.313943091922486;Restricted Camping (Berendsen);camping
15;2;6;3.6272268950516833;-0.75423665975817;19.706937787732834;Restricted Camping (Berendsen);camping
15;1;3;2.260740938504879;0.026485792184396062;13.647598817779805;Restricted Camping (Berendsen);camping
16;32;96;60.80480310779405;0.0027372295724162887;67.0007081404732;Bridge (East/West);bridge
16;24;72;64.20244103314;-0.06096449469022214;80.65355512515434;Bridge (East/West);bridge
16;16;48;73.39409691957289;-0.06285152798977722;107.52955562207;Bridge (East/West);bridge
16;12;36;81.370208536472;-0.5377680988253257;137.291686370363;Bridge (East/West);bridge
16;8;24;94.02693933681482;-1.1413018765861485;168.81460962903665;Bridge (East/West);bridge
16;4;12;103.435272095952;-1.2345436868304205;137.6292192580733;Bridge (East/West);bridge
16;2;6;116.9693699011003;-5.629799082981521;75.25843851614663;Bridge (East/West);bridge
16;1;3;33.34561623697916;-2.040656632299131;19.755683727175054;Bridge (East/West);bridge
17;32;96;147.5444180695792;-4.282642783741954;98.64902808408675;Camping H (Dream City);camping
17;24;72;166.02102567285448;-5.802679659321897;121.74314977111548;Camping H (Dream City);camping
17;16;48;182.12281026678602;-5.945644058392083;138.87690413139848;Camping H (Dream City);camping
17;12;36;188.24214197856043;-9.305334824778988;152.2758248235989;Camping H (Dream City);camping
17;8;24;207.83065752818925;-10.253276849690499;167.91936568354984;Camping H (Dream City);camping
17;4;12;189.156750609081;-12.558130189792985;135.83873136709968;Camping H (Dream City);camping
17;2;6;125.35388576086977;-29.380031635270157;71.67746273419932;Camping H (Dream City);camping
17;1;3;82.35745188935043;-25.888998539966984;33.824683365541134;Camping H (Dream City);camping
18;32;96;69.17269439477009;-1.4053667918010513;74.4754402301514;Rising - Stage;stage
18;24;72;76.84031750325178;-1.7835412709239145;90.35406435470323;Rising - Stage;stage
18;16;48;91.74508741641009;-1.9626898754642719;123.36981302590763;Rising - Stage;stage
18;12;36;100.11158590625598;-2.780035603388905;147.48983252908562;Rising - Stage;stage
18;8;24;116.21760094279529;-5.403834288004673;176.84379988551854;Rising - Stage;stage
18;4;12;115.27254440093103;-4.2912353650363775;153.68759977103704;Rising - Stage;stage
18;2;6;110.9459209364327;-6.353113658801729;107.37519954207406;Rising - Stage;stage
18;1;3;32.84752376398775;-3.625765562382594;35.25171094460717;Rising - Stage;stage
19;32;96;298.2588244418663;0.6348473920212501;54.64557221586457;Pavillion - Area;stage
19;24;72;299.71513121473924;0.6096727899985865;66.24041908432815;Pavillion - Area;stage
19;16;48;177.12740813618132;0.8434564263804896;78.61705808721423;Pavillion - Area;stage
19;12;36;187.96521017072828;0.3869988721392379;101.41431219632896;Pavillion - Area;stage
19;8;24;181.0500908693743;0.11058829753291588;123.6453471960111;Pavillion - Area;stage
19;4;12;140.479470149811;0.6009376120356993;84.86713697853733;Pavillion - Area;stage
19;2;6;135.66332935129643;-1.148807814439968;23.538805250070677;Pavillion - Area;stage
19;1;3;163.74793629465964;-15.673047540016267;25.77149944403791;Pavillion - Area;stage
20;32;96;36.94386047572828;0.3882805571044804;28.824199874272022;Camping B/HC;camping
20;24;72;36.172337132270584;0.45368409518609987;30.98944883186478;Camping B/HC;camping
20;16;48;36.60155021453556;0.5477412403019903;33.88493599683035;Camping B/HC;camping
20;12;36;39.55080695624936;0.489074844074904;40.335613936746;Camping B/HC;camping
20;8;24;42.35478500284442;0.24968586971917195;50.32776811572583;Camping B/HC;camping
20;4;12;57.31629895112581;-0.2815831277870764;56.528376390039625;Camping B/HC;camping
20;2;6;70.38826081453236;-4.567253049224952;44.149434115520606;Camping B/HC;camping
20;1;3;23.522525743673565;-0.6361019179058529;15.918990558787002;Camping B/HC;camping
21;32;96;562.2211452075062;0.6347309716550076;63.312271573846836;Art Zone;fun
21;24;72;567.3464883597169;0.5942989260017316;77.22251622599838;Art Zone;fun
21;16;48;497.7270259095073;0.5168094957392989;97.40596732603528;Art Zone;fun
21;12;36;534.1962032976702;-1.41615096467196;123.63041507641763;Art Zone;fun
21;8;24;541.7214455456143;-4.701580825564836;150.01961966858363;Art Zone;fun
21;4;12;480.55264756093794;-2.061120820458058;121.01235481000643;Art Zone;fun
21;2;6;390.95008151908536;-3.0690650273239894;60.58715511774042;Art Zone;fun
21;1;3;375.263375147473;-14.544727463370538;44.238044430668204;Art Zone;fun
22;32;96;34.51309285292512;0.5226373602378154;26.810699769184833;Depot 3;depot
22;24;72;33.70051271544654;0.5725537810821011;27.58936985478196;Depot 3;depot
22;16;48;34.12141449155701;0.6334977418109984;28.731797264239066;Depot 3;depot
22;12;36;32.66210710367803;0.62177700896791;31.090260681169983;Depot 3;depot
22;8;24;32.78260392805458;0.5830604613416012;32.67503326971439;Depot 3;depot
22;4;12;45.91518376483814;0.3505279294032885;36.06034391306059;Depot 3;depot
22;2;6;63.20001869116205;-2.9714684730381546;47.73476060572236;Depot 3;depot
22;1;3;23.159959106693996;0.24259647928869377;14.665689189319982;Depot 3;depot
23;32;96;124.35705018155298;0.3635100401811965;68.4114148104467;Gloria - Area;stage
23;24;72;122.95989201177179;0.2944476018545493;79.00147318100925;Gloria - Area;stage
23;16;48;97.20553859492662;0.44849022093289714;92.32530827668921;Gloria - Area;stage
23;12;36;101.89600131778178;-0.5079674531899254;115.36041662256065;Gloria - Area;stage
23;8;24;96.2717464317825;-4.350003658985376;147.99325797247116;Gloria - Area;stage
23;4;12;87.33798905162104;-1.8503991932094772;127.25487999268663;Gloria - Area;stage
23;2;6;84.28432004750306;-2.5847461347310947;74.62424376073167;Gloria - Area;stage
23;1;3;73.73061654827275;-12.170693680408071;45.61415726782735;Gloria - Area;stage
24;32;96;64.93766078920945;0.5522484195685564;39.90145055980757;19 - Entrance;entrance
24;24;72;62.00272955561554;0.5995830469275385;44.423189886262854;19 - Entrance;entrance
24;16;48;60.40337636540428;0.6783128434111245;51.37807771655826;19 - Entrance;entrance
24;12;36;49.88607562684679;0.6885797720736999;59.63582419194539;19 - Entrance;entrance
24;8;24;33.1918330639641;0.7825201339038075;71.07907872046677;19 - Entrance;entrance
24;4;12;45.57787440437083;0.6882123237595621;61.31050091042667;19 - Entrance;entrance
24;2;6;63.51658880899919;-2.5358081103693957;34.712538125137385;19 - Entrance;entrance
24;1;3;14.997580562906357;0.46342049144865594;7.865945994114113;19 - Entrance;entrance
25;32;96;47.20003017098015;0.04104183197329214;47.417405857474414;Camping E;camping
25;24;72;46.22043907013713;0.15969695291895292;52.658911845881576;Camping E;camping
25;16;48;48.04591595079524;0.0407942885791055;59.02214222734723;Camping E;camping
25;12;36;53.36509079838992;-0.0015262426459474732;73.63106737308365;Camping E;camping
25;8;24;58.34083774996535;-3.8761372876116393;99.16331887565885;Camping E;camping
25;4;12;59.1878881993066;-6.426226060998029;70.4051577581371;Camping E;camping
25;2;6;41.020781350770456;-6.172366844367227;27.87996837655644;Camping E;camping
25;1;3;8.811948041283875;-1.2838361259496094;7.487357997868754;Camping E;camping
26;32;96;588.4636636952346;0.4615912819353576;50.667241534130994;Avalon - Area;stage
26;24;72;526.1172717206564;0.5333531695677064;55.67005925117717;Avalon - Area;stage
26;16;48;409.6860654194917;0.6896123275630427;62.55146573512826;Avalon - Area;stage
26;12;36;299.270535063368;0.6217802712674558;74.8677054694986;Avalon - Area;stage
26;8;24;125.35354065204612;0.3880762866624342;94.06071131631671;Avalon - Area;stage
26;4;12;108.89764295046089;0.6555118823559669;65.6851375159237;Avalon - Area;stage
26;2;6;101.26068156883656;-0.14982897328190248;18.703018365885445;Avalon - Area;stage
26;1;3;134.38917720146716;-2.8758931685627727;26.675945880819473;Avalon - Area;stage
27;32;96;478.05319935137805;0.24036781114918404;107.16475856678846;Orange - Stage (Pit);stage
27;24;72;436.75060989560836;0.2659125166116275;115.87247796597435;Orange - Stage (Pit);stage
27;16;48;369.0582345426713;0.34433168891223975;138.26247655765226;Orange - Stage (Pit);stage
27;12;36;265.64798729323866;0.022014396281437754;153.91731789664692;Orange - Stage (Pit);stage
27;8;24;251.6221819740774;-0.3766312607377471;162.65898443112138;Orange - Stage (Pit);stage
27;4;12;248.74853759566443;0.1840331794866179;135.5542326624705;Orange - Stage (Pit);stage
27;2;6;239.8391631659295;0.3094787736706438;73.84061548426078;Orange - Stage (Pit);stage
27;1;3;50.39974782603185;0.8025037864644432;7.939497248887238;Orange - Stage (Pit);stage
28;32;96;149.73971878239084;-0.06225958371997886;78.39648499786094;Countdown - Stage;stage
28;24;72;159.38998890685795;-0.20640475077809173;96.1205764344053;Countdown - Stage;stage
28;16;48;180.47151964647944;-0.49130596706160157;129.18624651966323;Countdown - Stage;stage
28;12;36;190.793421826306;-1.096827259461778;155.01623627577743;Countdown - Stage;stage
28;8;24;223.1791985140427;-1.434463162900288;184.4545931262705;Countdown - Stage;stage
28;4;12;262.02645352476816;-1.5064603383317534;168.90918625254102;Countdown - Stage;stage
28;2;6;329.62904463276936;-7.1973072097708215;137.818372505082;Countdown - Stage;stage
28;1;3;159.98892072108947;-13.53311838381777;80.61592814476101;Countdown - Stage;stage
29;32;96;291.41893741501644;0.1578964206060256;79.75571916587273;Apollo - Stage;stage
29;24;72;288.96234889550175;0.12091441216348031;92.48924297658431;Apollo - Stage;stage
29;16;48;257.42144080876426;0.19891015722771344;106.99120764858634;Apollo - Stage;stage
29;12;36;242.0225205220073;0.043790203221866664;127.23975490317068;Apollo - Stage;stage
29;8;24;245.32836623951252;0.323019879254271;139.90911069862716;Apollo - Stage;stage
29;4;12;339.6435660309621;0.0927587508528317;118.38622870666946;Apollo - Stage;stage
29;2;6;475.4185836211506;-3.2176221002038394;88.73979933985142;Apollo - Stage;stage
29;1;3;306.0631523875885;-3.4100348731561576;55.909268803469025;Apollo - Stage;stage
30;32;96;326.29521387367873;-0.8348963764937634;99.14986274561764;Arena - Pit;stage
30;24;72;299.1987077645573;-0.2950231143506663;97.8491104599454;Arena - Pit;stage
30;16;48;304.1047577110106;-0.2987112145720692;108.42162721536506;Arena - Pit;stage
30;12;36;256.94150633139685;0.22330228472703673;100.20494191039069;Arena - Pit;stage
30;8;24;283.8961287404924;0.29943376526913057;121.56690577525382;Arena - Pit;stage
30;4;12;228.20012110548052;0.34504310462830257;139.6969013083871;Arena - Pit;stage
30;2;6;318.645823880174;0.10595026357057002;133.3774932768813;Arena - Pit;stage
30;1;3;445.3533633494237;-3.0296140479402656;93.2760125473347;Arena - Pit;stage
31;32;96;93.05339328057693;-0.40466624841468746;62.52931265738425;Bycenter Vest;food
31;24;72;99.32480134056333;-0.522647823395991;74.34829523171445;Bycenter Vest;food
31;16;48;116.9884344975746;-0.5737540866123823;98.857912090698;Bycenter Vest;food
31;12;36;130.69952060073118;-1.252298277674753;125.49718770550855;Bycenter Vest;food
31;8;24;156.49583228724282;-3.503299842831799;171.39276594849466;Bycenter Vest;food
31;4;12;160.30019776295418;-3.003551389985125;142.7855318969893;Bycenter Vest;food
31;2;6;158.09823617078976;-7.427902648677339;85.57106379397864;Bycenter Vest;food
31;1;3;44.234658278185265;-6.350852286406478;22.846263660347116;Bycenter Vest;food
32;32;96;5.8590581444848535;0.4328735343756114;31.907216073722676;Venteomraade Vest;waiting
32;24;72;5.782607101203615;0.46514670920416223;33.80263069610669;Venteomraade Vest;waiting
32;16;48;5.544091345689019;0.6143653112009566;33.857821914096654;Venteomraade Vest;waiting
32;12;36;5.809765779474107;0.519806707818719;39.629997111306785;Venteomraade Vest;waiting
32;8;24;4.787607647984003;0.09275654289282387;41.627398924814784;Venteomraade Vest;waiting
32;4;12;6.126324193167139;-0.25171353812727415;40.54198124521496;Venteomraade Vest;waiting
32;2;6;3.6888254417564315;-0.5663232391078596;28.821063853615886;Venteomraade Vest;waiting
32;1;3;2.8315237259882085;-0.2957618764984482;23.611125907261705;Venteomraade Vest;waiting
33;32;96;106.6833757426436;0.3755545884736997;71.3728494248878;8 - Entrance;entrance
33;24;72;100.96358982019233;0.39143165669597524;83.76342362781982;8 - Entrance;entrance
33;16;48;90.06452945145845;0.4834136824981399;103.50525920037825;8 - Entrance;entrance
33;12;36;72.89167348854006;0.4659187251647685;124.77906293444379;8 - Entrance;entrance
33;8;24;58.421228764513806;0.4744715391087623;161.90764115066193;8 - Entrance;entrance
33;4;12;79.03586852203554;0.32737696554362106;123.81528230132383;8 - Entrance;entrance
33;2;6;110.1277243741759;-1.2357003872684373;67.49000859977947;8 - Entrance;entrance
33;1;3;120.20784080869721;-1.6860156824888235;38.58504477899895;8 - Entrance;entrance
34;32;96;207.32228317084778;0.08555349271891455;104.16190690916933;Orange - Stage (Pit D);stage
34;24;72;187.6642887680129;0.1280160981572448;113.61506622892973;Orange - Stage (Pit D);stage
34;16;48;168.6304494259564;0.18125611943790454;128.2709491651013;Orange - Stage (Pit D);stage
34;12;36;109.84577964650875;0.1964506725359435;138.36531238429515;Orange - Stage (Pit D);stage
34;8;24;86.02443319882975;-0.36953047874458345;149.98436234230084;Orange - Stage (Pit D);stage
34;4;12;94.08802519115194;0.025253063807385012;135.63446145380598;Orange - Stage (Pit D);stage
34;2;6;104.77362207891129;-0.0991130581270383;79.07130853149071;Orange - Stage (Pit D);stage
34;1;3;35.83366187695934;0.07998651308960714;14.43365976616589;Orange - Stage (Pit D);stage
35;32;96;158.463801768498;0.061074643470157786;95.63081639262131;Orange - Stage (Pit B);stage
35;24;72;148.40132136923;0.1791031404317447;107.71541142362024;Orange - Stage (Pit B);stage
35;16;48;124.88745308092209;0.4463886068920002;113.02466132261321;Orange - Stage (Pit B);stage
35;12;36;112.36376203173259;0.35889327286834827;134.04723890046137;Orange - Stage (Pit B);stage
35;8;24;64.81926977268095;0.4585553900476349;152.05662318429074;Orange - Stage (Pit B);stage
35;4;12;63.68357185883388;0.6090136719904911;135.51183912231602;Orange - Stage (Pit B);stage
35;2;6;76.40957466719732;0.4906917666867374;75.02773156787995;Orange - Stage (Pit B);stage
35;1;3;21.808234578002804;0.6554097936626748;8.372606327703592;Orange - Stage (Pit B);stage
36;32;96;18.008838847300957;-0.9719874607445793;81.65034030479697;Skate - Stage;stage
36;24;72;17.756338521095934;-0.7569365165168807;94.2307783185414;Skate - Stage;stage
36;16;48;16.737495270261864;-0.29635811354560926;97.4500335775937;Skate - Stage;stage
36;12;36;15.973532984685194;-0.2749829832602102;115.48409642142407;Skate - Stage;stage
36;8;24;18.622384627483978;-0.6215057543930087;155.20764585554136;Skate - Stage;stage
36;4;12;24.90646688118864;-1.192470395418587;159.4689097620775;Skate - Stage;stage
36;2;6;30.42641402811814;-3.2665130639497164;120.70979020684447;Skate - Stage;stage
36;1;3;16.113555564091726;-2.0727416913262884;81.9344239116301;Skate - Stage;stage
37;32;96;96.30609248940812;0.6252123769897345;47.522695595161274;Handels ¯en;food
37;24;72;84.48735605048766;0.6890582925930373;52.31993014128714;Handels ¯en;food
37;16;48;83.58821831257029;0.7206480084021777;63.4915702113037;Handels ¯en;food
37;12;36;36.47524695432202;0.7860246670711126;72.2858506097245;Handels ¯en;food
37;8;24;14.188117849686567;0.5562803591548269;92.12495121344581;Handels ¯en;food
37;4;12;19.406973013002055;0.45012413318384514;107.53605336272354;Handels ¯en;food
37;2;6;21.399672272311683;-0.13462670028996593;25.221304453786324;Handels ¯en;food
37;1;3;29.84747334961698;-4.112606400895816;38.97417537549565;Handels ¯en;food
38;32;96;33.676039473341866;0.5726703818240113;21.205823211739165;Camping X/Y/Z (Restricted Camping - Darup Idraetscenter);camping
38;24;72;32.44880668059871;0.6385242874120909;20.09485364259096;Camping X/Y/Z (Restricted Camping - Darup Idraetscenter);camping
38;16;48;31.451947079833825;0.3154835929280475;15.663545305016696;Camping X/Y/Z (Restricted Camping - Darup Idraetscenter);camping
38;12;36;35.28772260704265;0.22729737065479982;18.364440159497395;Camping X/Y/Z (Restricted Camping - Darup Idraetscenter);camping
38;8;24;37.86982696198693;-0.6069475507921489;21.8633550621469;Camping X/Y/Z (Restricted Camping - Darup Idraetscenter);camping
38;4;12;43.424559627121;-0.5763415142264805;21.53769556479212;Camping X/Y/Z (Restricted Camping - Darup Idraetscenter);camping
38;2;6;37.99157400999652;-0.8345849326432067;16.162944291897464;Camping X/Y/Z (Restricted Camping - Darup Idraetscenter);camping
38;1;3;16.63619524518547;-0.5792467459967567;7.9419189625477005;Camping X/Y/Z (Restricted Camping - Darup Idraetscenter);camping
39;32;96;153.50937549464234;-2.4070742976838773;105.90944251028904;Pavillion - Stage;stage
39;24;72;153.38456147041018;-2.1831114081745295;111.67292878967083;Pavillion - Stage;stage
39;16;48;139.31893007920587;-1.7598980932034443;117.184603273671;Pavillion - Stage;stage
39;12;36;107.44319747546305;-0.6488984921101757;122.0174849632985;Pavillion - Stage;stage
39;8;24;85.02957952762645;-1.7701769930814066;147.3823276390062;Pavillion - Stage;stage
39;4;12;63.57463950654971;-0.24192842847160678;125.71425870135089;Pavillion - Stage;stage
39;2;6;38.63255134736009;0.4749431755122554;58.518025834749885;Pavillion - Stage;stage
39;1;3;30.428841697232965;-5.032015681011489;23.07207349015275;Pavillion - Stage;stage
40;32;96;29.494524064667992;0.05998303526572102;67.39558641546323;Train Station;transport
40;24;72;27.956820209043617;0.1362918612183952;67.921564195199;Train Station;transport
40;16;48;27.193436990920087;0.16050473250402686;73.22590905426559;Train Station;transport
40;12;36;24.18328253159736;0.25562268180976455;73.19556488086555;Train Station;transport
40;8;24;20.279393509648518;0.33271870825405225;75.41094722278882;Train Station;transport
40;4;12;13.492618997526314;0.10091449074819725;79.82100413479736;Train Station;transport
40;2;6;15.81821950754433;-0.16659345646439738;57.65367381629161;Train Station;transport
40;1;3;15.193728406244423;-0.26709781342144057;42.44035191726467;Train Station;transport
41;32;96;79.57744086541699;0.6215905703896736;30.58272387891324;Volunteer Villages;camping
41;24;72;79.99856342387947;0.5999820725182835;35.11436294623285;Volunteer Villages;camping
41;16;48;55.7746760964705;0.8002522221720563;36.68811901143319;Volunteer Villages;camping
41;12;36;55.92747465041976;0.5534048550686124;44.441248086487306;Volunteer Villages;camping
41;8;24;43.08869997031469;0.32692472998507394;51.52811761482668;Volunteer Villages;camping
41;4;12;30.191639762977303;0.7534660751437481;33.24208622773073;Volunteer Villages;camping
41;2;6;29.52944607710676;-0.09477487209134439;15.113735825966529;Volunteer Villages;camping
41;1;3;38.04622585507806;-1.4015185430370973;20.677188850809035;Volunteer Villages;camping
42;32;96;351.6559549342508;-0.06930245878678964;97.98610637399723;Avalon - Stage;stage
42;24;72;315.05630430123904;0.03903905691801435;101.24661418884897;Avalon - Stage;stage
42;16;48;313.80282649285016;0.2424725708477461;114.63787546752427;Avalon - Stage;stage
42;12;36;224.55274042498093;0.34050575948600403;127.19272888119701;Avalon - Stage;stage
42;8;24;157.25789659306767;0.17223548695174873;159.10495746618838;Avalon - Stage;stage
42;4;12;69.95692322016168;-2.879870067530748;156.86242548261765;Avalon - Stage;stage
42;2;6;73.80526997030078;-1.8924800586166985;130.52007847190978;Avalon - Stage;stage
42;1;3;69.99311811416136;-2.339066467880175;77.0357848117722;Avalon - Stage;stage
43;32;96;84.60389567996744;0.24324469359182677;58.531427504286526;Bycenter oest;food
43;24;72;87.6065891910859;0.17570257350369167;69.62117397921863;Bycenter oest;food
43;16;48;98.8127713734922;0.2027145555734997;92.45719305010412;Bycenter oest;food
43;12;36;104.20108979500321;-0.2765617770110633;115.2522320970869;Bycenter oest;food
43;8;24;118.05151937473418;-3.7397941472677925;162.83415820513844;Bycenter oest;food
43;4;12;123.40001242888071;-2.606731270162011;150.11610443526118;Bycenter oest;food
43;2;6;118.53780124419839;-5.712829272967223;100.23220887052236;Bycenter oest;food
43;1;3;81.86709721314134;-2.8569775095383574;36.39036658843066;Bycenter oest;food
44;32;96;24.332373816266713;0.523732133769129;31.811210110186106;Parking West/Drop off;parking
44;24;72;22.770757128174168;0.584986553098841;32.81868444651284;Parking West/Drop off;parking
44;16;48;18.003131668493733;0.7858985463465447;30.56510012118968;Parking West/Drop off;parking
44;12;36;14.517535622366958;0.7911224175752233;32.54447586452671;Parking West/Drop off;parking
44;8;24;11.349935932960904;0.335746617224139;39.74877637394708;Parking West/Drop off;parking
44;4;12;11.437308124747819;0.397005971118767;33.34134203674084;Parking West/Drop off;parking
44;2;6;13.436469910894642;-0.16300737943111532;31.184235156734886;Parking West/Drop off;parking
44;1;3;14.653779377091418;0.15459350380917425;35.37665670075762;Parking West/Drop off;parking
45;32;96;74.39167875404276;0.5439987597495285;50.52642462990239;Railway;transport
45;24;72;73.95372763883276;0.5825385410205441;60.228774334340414;Railway;transport
45;16;48;78.43924203562895;0.6169126490242499;80.16438792466862;Railway;transport
45;12;36;81.51457766293042;0.5212230307506245;100.40236873426271;Railway;transport
45;8;24;92.58913197828744;0.33982308153955954;141.030930221196;Railway;transport
45;4;12;119.72120936517553;0.03415284739214075;108.70713062429988;Railway;transport
45;2;6;144.4801848350151;-8.098626483582926;53.12182272982624;Railway;transport
45;1;3;56.93568058216099;-0.09756956944434192;19.386371855226635;Railway;transport
46;32;96;152.50577898484244;0.049662394388416686;94.85650161016115;Orange - Stage (Pit A);stage
46;24;72;150.55723131664936;0.11777662120302157;92.68419847832754;Orange - Stage (Pit A);stage
46;16;48;150.7719724604357;0.0754634175589477;93.38484823837398;Orange - Stage (Pit A);stage
46;12;36;130.30797577075336;0.2929118772032866;105.80060419247432;Orange - Stage (Pit A);stage
46;8;24;92.05425063728525;0.2984056754380603;118.64723660696829;Orange - Stage (Pit A);stage
46;4;12;71.65481163839729;0.4752873124879624;125.348042379748;Orange - Stage (Pit A);stage
46;2;6;78.86237726828983;0.2783546948350709;59.585199774647094;Orange - Stage (Pit A);stage
46;1;3;40.252030913789575;0.2114729321403227;16.58432176594976;Orange - Stage (Pit A);stage
47;32;96;7.424624488828968;0.6826193663901039;18.969645183533416;Depot Vor Frue;depot
47;24;72;6.886969149271503;0.6984908258466576;17.999014535234892;Depot Vor Frue;depot
47;16;48;6.140091316533003;0.789355875086461;15.633790219767313;Depot Vor Frue;depot
47;12;36;5.86414002875372;0.7473750092790816;16.761138236656016;Depot Vor Frue;depot
47;8;24;5.55926596737022;0.2051445784185908;19.476728297684375;Depot Vor Frue;depot
47;4;12;5.068483551236105;-0.6218294772731556;20.20763052198945;Depot Vor Frue;depot
47;2;6;6.348326973159546;-4.4761790720197085;25.983654631685283;Depot Vor Frue;depot
47;1;3;5.763238539492337;-8.489976703739936;21.64328380233403;Depot Vor Frue;depot
48;32;96;27.382719984926695;0.34779343497423354;46.33079500979816;Parking East/Drop off;parking
48;24;72;28.220909717045043;0.3731300160185683;53.730600654365155;Parking East/Drop off;parking
48;16;48;26.087842105151974;0.43555104688514823;63.408237691682444;Parking East/Drop off;parking
48;12;36;28.216621218614677;0.02473554111582499;79.16349586644013;Parking East/Drop off;parking
48;8;24;25.164415599749095;0.013415086538659526;95.55302644603849;Parking East/Drop off;parking
48;4;12;21.130167865191396;0.5218197536434237;74.2851624325253;Parking East/Drop off;parking
48;2;6;15.63712237333849;0.13209172250009182;21.59658764230194;Parking East/Drop off;parking
48;1;3;14.456340319441244;-0.42896256705300906;19.22534579608324;Parking East/Drop off;parking
49;32;96;1560.921176076644;0.5281692829067817;74.08491167403885;Orange - Area;stage
49;24;72;1362.2818864282515;0.5925642497817917;84.04242159407922;Orange - Area;stage
49;16;48;782.8692637654987;0.5951933696310152;105.94830915634755;Orange - Area;stage
49;12;36;581.3222234875299;-0.2786385126197901;126.01177999537825;Orange - Area;stage
49;8;24;612.6823298130151;-0.08216507784652194;147.07007444335272;Orange - Area;stage
49;4;12;648.3652626933805;0.2171771361452759;114.68230521813435;Orange - Area;stage
49;2;6;483.5679152728033;0.49088163745732616;46.64317065871872;Orange - Area;stage
49;1;3;198.6723845202252;0.7096485833555617;11.101980183081695;Orange - Area;stage
50;32;96;332.83990406179583;0.06676733225983955;62.6299791848723;Camping L/N;camping
50;24;72;345.063126252784;-0.014695728047233958;75.90753065621952;Camping L/N;camping
50;16;48;387.81017965963423;-0.03699093387838803;100.87953132920255;Camping L/N;camping
50;12;36;394.54704136042335;-0.45227189424286784;124.14537331273783;Camping L/N;camping
50;8;24;450.9858323690141;-2.044269261886715;167.50675826881587;Camping L/N;camping
50;4;12;462.5658079263169;-1.6642090749559495;137.92117344178007;Camping L/N;camping
50;2;6;457.2696014884536;-5.350904367767642;76.62841135001197;Camping L/N;camping
50;1;3;406.6027929161697;-4.190244499305747;39.26073960620742;Camping L/N;camping
51;32;96;49.42909588124387;-1.0722759841744822;77.87495279160298;¯st- Stage;stage
51;24;72;53.916771029934054;-1.595600244017339;91.82012688062441;¯st- Stage;stage
51;16;48;62.433290913575654;-1.8898457550830918;118.70567571973633;¯st- Stage;stage
51;12;36;65.46971438742565;-4.58284307452257;138.9234841351896;¯st- Stage;stage
51;8;24;77.64860725357703;-17.445296239909005;179.3842178666725;¯st- Stage;stage
51;4;12;72.29282172685274;-13.073300487514315;158.76843573334497;¯st- Stage;stage
51;2;6;56.4435373190187;-17.549478341097274;117.53687146668995;¯st- Stage;stage
51;1;3;13.43239369444996;-42.08757023586843;37.664064084242;¯st- Stage;stage
52;32;96;20.646946073704378;0.4901892111386086;40.64103509040044;Venteomraade Syd;waiting
52;24;72;19.279605149280346;0.5746912648929363;44.63922054199046;Venteomraade Syd;waiting
52;16;48;16.470220017979468;0.7346866348553633;47.528715891240395;Venteomraade Syd;waiting
52;12;36;16.647000349914823;0.7349218670173356;58.36409969703287;Venteomraade Syd;waiting
52;8;24;17.526932213820555;-1.5383168582772875;80.91727521618728;Venteomraade Syd;waiting
52;4;12;16.847999624544318;-1.2014936798731592;63.213344220776214;Venteomraade Syd;waiting
52;2;6;15.189112789311414;-4.414516108870961;34.33051514640464;Venteomraade Syd;waiting
52;1;3;10.707058028545175;-0.6495121097357364;18.77549751603387;Venteomraade Syd;waiting
53;32;96;277.13105696079685;-0.7532270204823326;53.87094173545016;Camping G/J/ K;camping
53;24;72;282.06936542649635;-0.7523036260367071;62.787892807492206;Camping G/J/ K;camping
53;16;48;321.57902291594854;-1.0502178805532534;80.92696482581695;Camping G/J/ K;camping
53;12;36;358.41353288379935;-1.4185620703265136;102.21186197514751;Camping G/J/ K;camping
53;8;24;409.9684871338483;-3.0617797291907696;137.5544577244928;Camping G/J/ K;camping
53;4;12;416.98524837381575;-3.8296986377014273;99.92067775634995;Camping G/J/ K;camping
53;2;6;355.4904821160902;-5.02736859426658;42.634271859476605;Camping G/J/ K;camping
53;1;3;146.16982929044383;-6.479158639087227;19.480879011369435;Camping G/J/ K;camping
54;;;;;;Handelsskolen;camping
56;32.0;;81.28191079574765;0.10879648905005035;33.611621993282704;Camping P;camping
56;24.0;;70.33673144232726;0.3484731807091479;34.0070377206761;Camping P;camping
56;16.0;;62.05383381718834;0.4746530232850036;33.32243604658547;Camping P;camping
56;12.0;;68.40082303752727;0.4292162425770272;41.17413745718149;Camping P;camping
56;8.0;;78.7797081969029;-1.3318392065731697;56.29207796788145;Camping P;camping
56;4.0;;82.74429051539393;-1.7225203659283106;47.85268586488897;Camping P;camping
56;2.0;;76.53420202903428;-9.374401027650373;28.45555431302274;Camping P;camping
56;1.0;;27.972670012116485;-3.735069698074196;10.776688173130887;Camping P;camping
57;32.0;;7.2790909332776;0.22948659863000964;45.95524936509775;Restricted Camping (Vilvorde);camping
57;24.0;;6.47376619286826;0.36029368076435697;45.276822539947894;Restricted Camping (Vilvorde);camping
57;16.0;;4.524985278027337;0.39929366991349424;48.702180142701266;Restricted Camping (Vilvorde);camping
57;12.0;;4.149560643933353;0.5373122173143456;50.59629000295579;Restricted Camping (Vilvorde);camping
57;8.0;;4.479317219145694;0.43753215243843757;65.85606340032784;Restricted Camping (Vilvorde);camping
57;4.0;;4.767121914473208;0.5628407315188322;55.77928311280943;Restricted Camping (Vilvorde);camping
57;2.0;;6.149881892068886;-0.21269891098667038;41.75055800346048;Restricted Camping (Vilvorde);camping
57;1.0;;6.64757048452187;0.05348983460912837;41.805353550421586;Restricted Camping (Vilvorde);camping
58;32.0;;177.3261069765175;0.6386942585153046;49.177004898194234;Backstage Village;fun
58;24.0;;192.35389841265496;0.561588844629538;60.82159213281426;Backstage Village;fun
58;16.0;;187.6709949624911;0.31943275206115085;79.15347094306536;Backstage Village;fun
58;12.0;;197.5828351413171;-1.2533238620340272;98.25627144336296;Backstage Village;fun
58;8.0;;196.61651911029497;-2.812290897524926;116.6228340017448;Backstage Village;fun
58;4.0;;148.57195068059278;-0.7827030807532736;79.60721058567732;Backstage Village;fun
58;2.0;;119.11791892275116;-2.08744532444548;38.689271661435534;Backstage Village;fun
58;1.0;;129.56672777257504;-5.717029887243199;35.59997491629642;Backstage Village;fun
59;;;;;;Parking East;parking
60;32.0;;8.604093215057148;0.46482018712107587;27.529810827680706;Caravan East/MC/Sleep-in busses;camping
60;24.0;;8.721657866857553;0.4773440137276841;28.78412045886258;Caravan East/MC/Sleep-in busses;camping
60;16.0;;8.42828297995347;0.6127465491577837;26.988310109946816;Caravan East/MC/Sleep-in busses;camping
60;12.0;;8.548996010337898;0.5590247430670865;29.724501235985507;Caravan East/MC/Sleep-in busses;camping
60;8.0;;9.070641509120502;0.4502872541218592;32.58776753601224;Caravan East/MC/Sleep-in busses;camping
60;4.0;;12.554271913195565;0.19484166911646972;42.18867994554113;Caravan East/MC/Sleep-in busses;camping
60;2.0;;17.27893836310259;-6.9916141786606;59.80885313846639;Caravan East/MC/Sleep-in busses;camping
60;1.0;;14.300968907261824;-3.9059720944280523;42.7852211048142;Caravan East/MC/Sleep-in busses;camping
61;32.0;;77.33165686500604;0.597278859855096;24.79353556317958;Darupvej and Parking;parking
61;24.0;;76.514128073412;0.6323053725594752;25.878037051032088;Darupvej and Parking;parking
61;16.0;;69.86977375199643;0.7444412908749976;24.980695486581553;Darupvej and Parking;parking
61;12.0;;64.1478209522231;0.7394923039495296;27.445977755812685;Darupvej and Parking;parking
61;8.0;;52.75372855921676;0.7467352546656523;29.223912231736982;Darupvej and Parking;parking
61;4.0;;70.87891133870947;0.6236446860172925;23.085274804667094;Darupvej and Parking;parking
61;2.0;;97.58930694245386;-3.918022036458969;33.12696136644237;Darupvej and Parking;parking
61;1.0;;31.326906268886177;-0.07813793614894826;9.981849831535438;Darupvej and Parking;parking
62;32.0;;121.38963215042541;0.3936092436960089;40.718747054127405;5 - Entrance;entrance
62;24.0;;115.9007570134284;0.458339283148991;43.82261615688194;5 - Entrance;entrance
62;16.0;;119.5235995528978;0.5294963004220243;48.512469047984816;5 - Entrance;entrance
62;12.0;;107.13582786152084;0.5478821108326356;54.89618645689978;5 - Entrance;entrance
62;8.0;;83.84873187288072;0.5330824067350429;64.80627409704893;5 - Entrance;entrance
62;4.0;;117.98356791523008;0.40924193440102474;84.02428569172645;5 - Entrance;entrance
62;2.0;;166.22454683982997;-0.29073580986733716;50.005282663825334;5 - Entrance;entrance
62;1.0;;224.53815030252395;-1.617521010371925;50.31387746952552;5 - Entrance;entrance
63;32.0;;249.12936882094422;-0.32556213578349547;79.0210805682035;Camping F;camping
63;24.0;;262.6762092775368;-0.5313228936730214;96.12754745217555;Camping F;camping
63;16.0;;294.9720116635686;-0.884405738594642;129.6742764299393;Camping F;camping
63;12.0;;305.5060784376253;-1.886720710909549;155.84809979489805;Camping F;camping
63;8.0;;318.83727433301385;-4.1841001816431955;176.13054990609896;Camping F;camping
63;4.0;;312.23770746632715;-3.490861176701099;152.2610998121979;Camping F;camping
63;2.0;;301.47331653629254;-13.346812511313907;104.52219962439582;Camping F;camping
63;1.0;;208.4560843535562;-3.7721755335900715;38.486902210478064;Camping F;camping
64;32.0;;1157.8655896438652;-0.18072525063460199;86.27201460480981;Arena - Area;stage
64;24.0;;1102.3891535248094;-0.1693518810064556;98.63105231583938;Arena - Area;stage
64;16.0;;800.7904482386458;0.5085623164135638;103.9151222658219;Arena - Area;stage
64;12.0;;643.6635488294985;0.41765743487595075;127.08115154671107;Arena - Area;stage
64;8.0;;599.8734484102849;0.3280491392003605;151.58477967341162;Arena - Area;stage
64;4.0;;721.6164952947828;0.4063939948629073;127.53366867215483;Arena - Area;stage
64;2.0;;929.3141640555925;0.12459595279934688;80.13684955650952;Arena - Area;stage
64;1.0;;1254.8338101401716;-20.552625675513205;76.50331518867914;Arena - Area;stage
65;32.0;;58.68582248560421;0.5985074471854317;29.94552008471823;Venteomraade Oest;waiting
65;24.0;;54.71847894067997;0.6468243379303689;32.334401365581606;Venteomraade Oest;waiting
65;16.0;;48.43864011015065;0.7752923207338124;35.84372446924333;Venteomraade Oest;waiting
65;12.0;;44.5998070968638;0.7112871535371205;42.35296860271247;Venteomraade Oest;waiting
65;8.0;;46.100263256416824;0.5583240458646157;56.5410827078448;Venteomraade Oest;waiting
65;4.0;;57.239541780004956;0.45628356594233144;50.12287722134321;Venteomraade Oest;waiting
65;2.0;;70.88919859553255;-2.7080512199351885;34.86804004661395;Venteomraade Oest;waiting
65;1.0;;56.27170770811822;-7.415960367808349;18.865958993197523;Venteomraade Oest;waiting
66;32.0;;27.124726817568654;0.6430566731818317;28.798526842815164;Restricted Parking (P2);parking
66;24.0;;27.547065990415028;0.6805440956982434;31.951693189517755;Restricted Parking (P2);parking
66;16.0;;26.5653351505182;0.7504498530966897;37.251191950715466;Restricted Parking (P2);parking
66;12.0;;27.63269886106636;0.6973126914047163;44.821031501704304;Restricted Parking (P2);parking
66;8.0;;30.78478194631107;0.601761100130379;57.586395556479744;Restricted Parking (P2);parking
66;4.0;;32.44896867649758;0.6330575704325552;37.73906226996323;Restricted Parking (P2);parking
66;2.0;;43.48039057740761;-2.1781366222292733;36.38395216000806;Restricted Parking (P2);parking
66;1.0;;40.133664482896094;-2.7006571506620918;27.503096910543395;Restricted Parking (P2);parking
67;32.0;;394.4518793560081;0.3274117303905113;72.3768680039497;Apollo/Countdown - Area;stage
67;24.0;;391.64033508199765;0.3152146226735342;85.88981843974389;Apollo/Countdown - Area;stage
67;16.0;;371.23253630119746;0.3403766497302515;107.53567347138109;Apollo/Countdown - Area;stage
67;12.0;;383.3783471134945;-0.04985961691377239;133.98710284709588;Apollo/Countdown - Area;stage
67;8.0;;455.72499567791874;-0.10566629332297461;176.91472036989083;Apollo/Countdown - Area;stage
67;4.0;;596.235973884841;-0.4481000610448831;153.82944073978163;Apollo/Countdown - Area;stage
67;2.0;;798.1014148995835;-8.707108033019912;107.65888147956323;Apollo/Countdown - Area;stage
67;1.0;;473.3317321241932;-5.889137385763942;49.782332564315176;Apollo/Countdown - Area;stage
68;32.0;;1545.5299104174983;0.4883188314799767;80.34887121281939;Orange - Stage;stage
68;24.0;;1347.4898803285848;0.5528105511761294;89.89814704852549;Orange - Stage;stage
68;16.0;;746.5752194263209;0.5511369595980993;112.96694864627217;Orange - Stage;stage
68;12.0;;509.2701646742533;-0.20479374994674737;132.68093249123788;Orange - Stage;stage
68;8.0;;541.4304912913007;0.0067421805248008004;153.72414016705545;Orange - Stage;stage
68;4.0;;591.8748815642003;0.24270026106560127;120.38566907153387;Orange - Stage;stage
68;2.0;;453.8150450254824;0.5110156574208456;51.111372868083805;Orange - Stage;stage
68;1.0;;157.25179674456754;0.7846088628719305;9.020069294693263;Orange - Stage;stage
69;32.0;;418.8590011802134;0.10111674837152973;73.39968031582225;Grafitti Zone;fun
69;24.0;;391.8398737368617;0.1520408824144046;84.05640806817419;Grafitti Zone;fun
69;16.0;;253.05461960096034;0.6651930541845729;95.24771348898568;Grafitti Zone;fun
69;12.0;;213.60133301152496;0.5004006069294731;118.79842113008196;Grafitti Zone;fun
69;8.0;;207.90222125217386;-0.014489730389848576;146.75093236864677;Grafitti Zone;fun
69;4.0;;209.1534566090841;0.3656494839129536;119.22424371364102;Grafitti Zone;fun
69;2.0;;212.01040878334382;0.3444825233576779;50.812027582290916;Grafitti Zone;fun
69;1.0;;242.59370918376118;-0.657864634717954;25.801679279550488;Grafitti Zone;fun
70;32.0;;88.57043494280032;0.40046197050833243;69.1007734368649;11 - Entrance;entrance
70;24.0;;91.9444934909563;0.3560570871808575;84.29044325870244;11 - Entrance;entrance
70;16.0;;100.83752924413142;0.23719553890310197;113.35704794829631;11 - Entrance;entrance
70;12.0;;103.64771311499764;0.04020949864000278;139.36442376997934;11 - Entrance;entrance
70;8.0;;120.87566812534557;-0.08679026160843639;174.29275785858667;11 - Entrance;entrance
70;4.0;;155.8490761202521;-0.2399531932251795;148.5855157171733;11 - Entrance;entrance
70;2.0;;214.90059779995545;-2.7659268387422293;97.17103143434663;11 - Entrance;entrance
70;1.0;;74.41024686478261;-19.267709314949954;42.835525345891135;11 - Entrance;entrance